data,ano,mes,mes_nome,trimestre,produto,categoria,regiao,quantidade_vendida,preco_unitario,faturamento,custo_unitario,lucro_bruto,margem_lucro,ticket_medio
2023-01-01,2023,1,January,Q1,Notebook Pro,Eletrônicos,Sul,21,3636.03,76356.64,2181.62,30542.66,40.0,3636.03
2023-01-01,2023,1,January,Q1,Notebook Pro,Eletrônicos,Sudeste,48,3530.05,169442.53,2118.03,67777.01,40.0,3530.05
2023-01-01,2023,1,January,Q1,Notebook Pro,Eletrônicos,Centro-Oeste,15,3574.88,53623.25,2144.93,21449.3,40.0,3574.88
2023-01-01,2023,1,January,Q1,Notebook Pro,Eletrônicos,Nordeste,23,3518.38,80922.63,2111.03,32369.05,40.0,3518.38
2023-01-01,2023,1,January,Q1,Notebook Pro,Eletrônicos,Norte,7,3498.84,24491.9,2099.31,9796.76,40.0,3498.84
2023-01-01,2023,1,January,Q1,Tablet Smart,Eletrônicos,Sul,74,1215.55,89950.47,729.33,35980.19,40.0,1215.55
2023-01-01,2023,1,January,Q1,Tablet Smart,Eletrônicos,Sudeste,141,1173.14,165412.79,703.88,66165.12,40.0,1173.14
2023-01-01,2023,1,January,Q1,Tablet Smart,Eletrônicos,Centro-Oeste,65,1054.61,68549.81,632.77,27419.93,40.0,1054.61
2023-01-01,2023,1,January,Q1,Tablet Smart,Eletrônicos,Nordeste,56,1152.23,64524.72,691.34,25809.89,40.0,1152.23
2023-01-01,2023,1,January,Q1,Tablet Smart,Eletrônicos,Norte,26,1241.13,32269.26,744.68,12907.7,40.0,1241.13
2023-01-01,2023,1,January,Q1,Fone Wireless,Acessórios,Sul,171,260.25,44502.51,156.15,17801.0,40.0,260.25
2023-01-01,2023,1,January,Q1,Fone Wireless,Acessórios,Sudeste,388,239.73,93016.11,143.84,37206.44,40.0,239.73
2023-01-01,2023,1,January,Q1,Fone Wireless,Acessórios,Centro-Oeste,189,216.83,40981.24,130.1,16392.5,40.0,216.83
2023-01-01,2023,1,January,Q1,Fone Wireless,Acessórios,Nordeste,127,255.33,32426.42,153.2,12970.57,40.0,255.33
2023-01-01,2023,1,January,Q1,Fone Wireless,Acessórios,Norte,55,240.13,13207.38,144.08,5282.95,40.0,240.13
2023-01-01,2023,1,January,Q1,Monitor 4K,Eletrônicos,Sul,48,1718.67,82496.33,1031.2,32998.53,40.0,1718.67
2023-01-01,2023,1,January,Q1,Monitor 4K,Eletrônicos,Sudeste,65,1792.39,116505.09,1075.43,46602.03,40.0,1792.39
2023-01-01,2023,1,January,Q1,Monitor 4K,Eletrônicos,Centro-Oeste,32,1776.57,56850.12,1065.94,22740.05,40.0,1776.57
2023-01-01,2023,1,January,Q1,Monitor 4K,Eletrônicos,Nordeste,44,1863.06,81974.76,1117.84,32789.9,40.0,1863.06
2023-01-01,2023,1,January,Q1,Monitor 4K,Eletrônicos,Norte,14,1795.01,25130.15,1077.01,10052.06,40.0,1795.01
2023-01-01,2023,1,January,Q1,Teclado Mecânico,Acessórios,Sul,76,440.79,33499.93,264.47,13399.97,40.0,440.79
2023-01-01,2023,1,January,Q1,Teclado Mecânico,Acessórios,Sudeste,169,460.74,77864.53,276.44,31145.81,40.0,460.74
2023-01-01,2023,1,January,Q1,Teclado Mecânico,Acessórios,Centro-Oeste,62,436.46,27060.81,261.88,10824.32,40.0,436.46
2023-01-01,2023,1,January,Q1,Teclado Mecânico,Acessórios,Nordeste,58,444.05,25754.92,266.43,10301.97,40.0,444.05
2023-01-01,2023,1,January,Q1,Teclado Mecânico,Acessórios,Norte,24,395.33,9487.97,237.2,3795.19,40.0,395.33
2023-02-01,2023,2,February,Q1,Notebook Pro,Eletrônicos,Sul,29,2926.61,84871.7,1755.97,33948.68,40.0,2926.61
2023-02-01,2023,2,February,Q1,Notebook Pro,Eletrônicos,Sudeste,44,3466.5,152526.06,2079.9,61010.42,40.0,3466.5
2023-02-01,2023,2,February,Q1,Notebook Pro,Eletrônicos,Centro-Oeste,13,3328.47,43270.15,1997.08,17308.06,40.0,3328.47
2023-02-01,2023,2,February,Q1,Notebook Pro,Eletrônicos,Nordeste,26,3434.15,89287.96,2060.49,35715.18,40.0,3434.15
2023-02-01,2023,2,February,Q1,Notebook Pro,Eletrônicos,Norte,8,3507.45,28059.63,2104.47,11223.85,40.0,3507.45
2023-02-01,2023,2,February,Q1,Tablet Smart,Eletrônicos,Sul,85,996.09,84667.6,597.65,33867.04,40.0,996.09
2023-02-01,2023,2,February,Q1,Tablet Smart,Eletrônicos,Sudeste,143,1232.78,176287.11,739.67,70514.85,40.0,1232.78
2023-02-01,2023,2,February,Q1,Tablet Smart,Eletrônicos,Centro-Oeste,58,1256.9,72900.39,754.14,29160.16,40.0,1256.9
2023-02-01,2023,2,February,Q1,Tablet Smart,Eletrônicos,Nordeste,51,1247.83,63639.19,748.7,25455.68,40.0,1247.83
2023-02-01,2023,2,February,Q1,Tablet Smart,Eletrônicos,Norte,20,1176.35,23527.0,705.81,9410.8,40.0,1176.35
2023-02-01,2023,2,February,Q1,Fone Wireless,Acessórios,Sul,150,243.67,36549.76,146.2,14619.91,40.0,243.67
2023-02-01,2023,2,February,Q1,Fone Wireless,Acessórios,Sudeste,325,261.44,84969.54,156.87,33987.82,40.0,261.44
2023-02-01,2023,2,February,Q1,Fone Wireless,Acessórios,Centro-Oeste,131,262.28,34359.1,157.37,13743.64,40.0,262.28
2023-02-01,2023,2,February,Q1,Fone Wireless,Acessórios,Nordeste,157,243.13,38172.12,145.88,15268.85,40.0,243.13
2023-02-01,2023,2,February,Q1,Fone Wireless,Acessórios,Norte,53,253.06,13412.2,151.84,5364.88,40.0,253.06
2023-02-01,2023,2,February,Q1,Monitor 4K,Eletrônicos,Sul,45,1824.47,82101.23,1094.68,32840.49,40.0,1824.47
2023-02-01,2023,2,February,Q1,Monitor 4K,Eletrônicos,Sudeste,85,1756.78,149326.55,1054.07,59730.62,40.0,1756.78
2023-02-01,2023,2,February,Q1,Monitor 4K,Eletrônicos,Centro-Oeste,33,1870.23,61717.44,1122.14,24686.98,40.0,1870.23
2023-02-01,2023,2,February,Q1,Monitor 4K,Eletrônicos,Nordeste,39,1476.04,57565.46,885.62,23026.18,40.0,1476.04
2023-02-01,2023,2,February,Q1,Monitor 4K,Eletrônicos,Norte,13,1882.43,24471.57,1129.46,9788.63,40.0,1882.43
2023-02-01,2023,2,February,Q1,Teclado Mecânico,Acessórios,Sul,68,450.03,30601.85,270.02,12240.74,40.0,450.03
2023-02-01,2023,2,February,Q1,Teclado Mecânico,Acessórios,Sudeste,149,448.18,66779.55,268.91,26711.82,40.0,448.18
2023-02-01,2023,2,February,Q1,Teclado Mecânico,Acessórios,Centro-Oeste,49,429.48,21044.3,257.69,8417.72,40.0,429.48
2023-02-01,2023,2,February,Q1,Teclado Mecânico,Acessórios,Nordeste,66,438.39,28933.67,263.03,11573.47,40.0,438.39
2023-02-01,2023,2,February,Q1,Teclado Mecânico,Acessórios,Norte,24,470.31,11287.54,282.19,4515.02,40.0,470.31
2023-03-01,2023,3,March,Q1,Notebook Pro,Eletrônicos,Sul,31,3415.84,105891.03,2049.5,42356.41,40.0,3415.84
2023-03-01,2023,3,March,Q1,Notebook Pro,Eletrônicos,Sudeste,63,3350.58,211086.45,2010.35,84434.58,40.0,3350.58
2023-03-01,2023,3,March,Q1,Notebook Pro,Eletrônicos,Centro-Oeste,25,3642.76,91069.11,2185.66,36427.65,40.0,3642.76
2023-03-01,2023,3,March,Q1,Notebook Pro,Eletrônicos,Nordeste,27,3507.51,94702.79,2104.51,37881.12,40.0,3507.51
2023-03-01,2023,3,March,Q1,Notebook Pro,Eletrônicos,Norte,10,3576.42,35764.16,2145.85,14305.66,40.0,3576.42
2023-03-01,2023,3,March,Q1,Tablet Smart,Eletrônicos,Sul,46,1219.99,56119.63,732.0,22447.85,40.0,1219.99
2023-03-01,2023,3,March,Q1,Tablet Smart,Eletrônicos,Sudeste,139,970.23,134862.6,582.14,53945.04,40.0,970.23
2023-03-01,2023,3,March,Q1,Tablet Smart,Eletrônicos,Centro-Oeste,45,1251.14,56301.45,750.69,22520.58,40.0,1251.14
2023-03-01,2023,3,March,Q1,Tablet Smart,Eletrônicos,Nordeste,44,1241.77,54637.66,745.06,21855.06,40.0,1241.77
2023-03-01,2023,3,March,Q1,Tablet Smart,Eletrônicos,Norte,19,1012.73,19241.82,607.64,7696.73,40.0,1012.73
2023-03-01,2023,3,March,Q1,Fone Wireless,Acessórios,Sul,157,244.72,38421.37,146.83,15368.55,40.0,244.72
2023-03-01,2023,3,March,Q1,Fone Wireless,Acessórios,Sudeste,482,222.98,107477.16,133.79,42990.87,40.0,222.98
2023-03-01,2023,3,March,Q1,Fone Wireless,Acessórios,Centro-Oeste,114,256.36,29224.66,153.81,11689.86,40.0,256.36
2023-03-01,2023,3,March,Q1,Fone Wireless,Acessórios,Nordeste,135,251.93,34010.29,151.16,13604.12,40.0,251.93
2023-03-01,2023,3,March,Q1,Fone Wireless,Acessórios,Norte,63,246.46,15527.26,147.88,6210.9,40.0,246.46
2023-03-01,2023,3,March,Q1,Monitor 4K,Eletrônicos,Sul,35,1744.49,61057.04,1046.69,24422.81,40.0,1744.49
2023-03-01,2023,3,March,Q1,Monitor 4K,Eletrônicos,Sudeste,93,1459.46,135729.43,875.67,54291.77,40.0,1459.46
2023-03-01,2023,3,March,Q1,Monitor 4K,Eletrônicos,Centro-Oeste,31,1866.02,57846.58,1119.61,23138.63,40.0,1866.02
2023-03-01,2023,3,March,Q1,Monitor 4K,Eletrônicos,Nordeste,34,1814.42,61690.14,1088.65,24676.06,40.0,1814.42
2023-03-01,2023,3,March,Q1,Monitor 4K,Eletrônicos,Norte,17,1760.85,29934.44,1056.51,11973.78,40.0,1760.85
2023-03-01,2023,3,March,Q1,Teclado Mecânico,Acessórios,Sul,86,448.94,38608.42,269.36,15443.37,40.0,448.94
2023-03-01,2023,3,March,Q1,Teclado Mecânico,Acessórios,Sudeste,135,454.1,61303.62,272.46,24521.45,40.0,454.1
2023-03-01,2023,3,March,Q1,Teclado Mecânico,Acessórios,Centro-Oeste,51,430.7,21965.81,258.42,8786.32,40.0,430.7
2023-03-01,2023,3,March,Q1,Teclado Mecânico,Acessórios,Nordeste,71,450.31,31972.11,270.19,12788.84,40.0,450.31
2023-03-01,2023,3,March,Q1,Teclado Mecânico,Acessórios,Norte,24,458.71,11009.11,275.23,4403.64,40.0,458.71
2023-04-01,2023,4,April,Q2,Notebook Pro,Eletrônicos,Sul,32,3378.06,108097.86,2026.83,43239.15,40.0,3378.06
2023-04-01,2023,4,April,Q2,Notebook Pro,Eletrônicos,Sudeste,57,3338.15,190274.54,2002.89,76109.82,40.0,3338.15
2023-04-01,2023,4,April,Q2,Notebook Pro,Eletrônicos,Centro-Oeste,19,3325.0,63175.08,1995.0,25270.03,40.0,3325.0
2023-04-01,2023,4,April,Q2,Notebook Pro,Eletrônicos,Nordeste,25,3431.38,85784.5,2058.83,34313.8,40.0,3431.38
2023-04-01,2023,4,April,Q2,Notebook Pro,Eletrônicos,Norte,8,3580.27,28642.17,2148.16,11456.87,40.0,3580.27
2023-04-01,2023,4,April,Q2,Tablet Smart,Eletrônicos,Sul,58,1241.81,72025.04,745.09,28810.02,40.0,1241.81
2023-04-01,2023,4,April,Q2,Tablet Smart,Eletrônicos,Sudeste,114,1179.04,134410.04,707.42,53764.01,40.0,1179.04
2023-04-01,2023,4,April,Q2,Tablet Smart,Eletrônicos,Centro-Oeste,39,1248.23,48681.08,748.94,19472.43,40.0,1248.23
2023-04-01,2023,4,April,Q2,Tablet Smart,Eletrônicos,Nordeste,45,1230.51,55372.94,738.31,22149.18,40.0,1230.51
2023-04-01,2023,4,April,Q2,Tablet Smart,Eletrônicos,Norte,16,1205.34,19285.43,723.2,7714.17,40.0,1205.34
2023-04-01,2023,4,April,Q2,Fone Wireless,Acessórios,Sul,170,257.02,43692.68,154.21,17477.07,40.0,257.02
2023-04-01,2023,4,April,Q2,Fone Wireless,Acessórios,Sudeste,305,255.36,77884.98,153.22,31153.99,40.0,255.36
2023-04-01,2023,4,April,Q2,Fone Wireless,Acessórios,Centro-Oeste,133,250.35,33296.07,150.21,13318.43,40.0,250.35
2023-04-01,2023,4,April,Q2,Fone Wireless,Acessórios,Nordeste,169,249.04,42088.25,149.43,16835.3,40.0,249.04
2023-04-01,2023,4,April,Q2,Fone Wireless,Acessórios,Norte,67,255.72,17133.54,153.43,6853.42,40.0,255.72
2023-04-01,2023,4,April,Q2,Monitor 4K,Eletrônicos,Sul,41,1772.16,72658.62,1063.3,29063.45,40.0,1772.16
2023-04-01,2023,4,April,Q2,Monitor 4K,Eletrônicos,Sudeste,99,1864.18,184553.49,1118.51,73821.4,40.0,1864.18
2023-04-01,2023,4,April,Q2,Monitor 4K,Eletrônicos,Centro-Oeste,35,1799.33,62976.43,1079.6,25190.57,40.0,1799.33
2023-04-01,2023,4,April,Q2,Monitor 4K,Eletrônicos,Nordeste,38,1851.52,70357.65,1110.91,28143.06,40.0,1851.52
2023-04-01,2023,4,April,Q2,Monitor 4K,Eletrônicos,Norte,14,1752.3,24532.13,1051.38,9812.85,40.0,1752.3
2023-04-01,2023,4,April,Q2,Teclado Mecânico,Acessórios,Sul,78,452.09,35262.97,271.25,14105.19,40.0,452.09
2023-04-01,2023,4,April,Q2,Teclado Mecânico,Acessórios,Sudeste,165,466.32,76942.61,279.79,30777.04,40.0,466.32
2023-04-01,2023,4,April,Q2,Teclado Mecânico,Acessórios,Centro-Oeste,56,452.37,25332.82,271.42,10133.13,40.0,452.37
2023-04-01,2023,4,April,Q2,Teclado Mecânico,Acessórios,Nordeste,55,466.71,25669.25,280.03,10267.7,40.0,466.71
2023-04-01,2023,4,April,Q2,Teclado Mecânico,Acessórios,Norte,23,438.77,10091.73,263.26,4036.69,40.0,438.77
2023-05-01,2023,5,May,Q2,Notebook Pro,Eletrônicos,Sul,30,3425.67,102770.14,2055.4,41108.06,40.0,3425.67
2023-05-01,2023,5,May,Q2,Notebook Pro,Eletrônicos,Sudeste,55,3542.45,194834.88,2125.47,77933.95,40.0,3542.45
2023-05-01,2023,5,May,Q2,Notebook Pro,Eletrônicos,Centro-Oeste,21,3599.32,75585.63,2159.59,30234.25,40.0,3599.32
2023-05-01,2023,5,May,Q2,Notebook Pro,Eletrônicos,Nordeste,25,3564.91,89122.63,2138.94,35649.05,40.0,3564.91
2023-05-01,2023,5,May,Q2,Notebook Pro,Eletrônicos,Norte,9,3549.61,31946.46,2129.76,12778.59,40.0,3549.61
2023-05-01,2023,5,May,Q2,Tablet Smart,Eletrônicos,Sul,53,1163.88,61685.59,698.33,24674.24,40.0,1163.88
2023-05-01,2023,5,May,Q2,Tablet Smart,Eletrônicos,Sudeste,108,1173.16,126701.1,703.89,50680.44,40.0,1173.16
2023-05-01,2023,5,May,Q2,Tablet Smart,Eletrônicos,Centro-Oeste,39,1148.1,44775.91,688.86,17910.36,40.0,1148.1
2023-05-01,2023,5,May,Q2,Tablet Smart,Eletrônicos,Nordeste,54,1224.55,66125.51,734.73,26450.21,40.0,1224.55
2023-05-01,2023,5,May,Q2,Tablet Smart,Eletrônicos,Norte,16,1187.71,19003.42,712.63,7601.37,40.0,1187.71
2023-05-01,2023,5,May,Q2,Fone Wireless,Acessórios,Sul,139,244.69,34011.43,146.81,13604.57,40.0,244.69
2023-05-01,2023,5,May,Q2,Fone Wireless,Acessórios,Sudeste,361,252.59,91185.33,151.55,36474.13,40.0,252.59
2023-05-01,2023,5,May,Q2,Fone Wireless,Acessórios,Centro-Oeste,123,239.8,29495.61,143.88,11798.24,40.0,239.8
2023-05-01,2023,5,May,Q2,Fone Wireless,Acessórios,Nordeste,160,253.71,40594.02,152.23,16237.61,40.0,253.71
2023-05-01,2023,5,May,Q2,Fone Wireless,Acessórios,Norte,63,252.75,15923.26,151.65,6369.3,40.0,252.75
2023-05-01,2023,5,May,Q2,Monitor 4K,Eletrônicos,Sul,56,1817.58,101784.5,1090.55,40713.8,40.0,1817.58
2023-05-01,2023,5,May,Q2,Monitor 4K,Eletrônicos,Sudeste,113,1815.77,205181.5,1089.46,82072.6,40.0,1815.77
2023-05-01,2023,5,May,Q2,Monitor 4K,Eletrônicos,Centro-Oeste,54,1515.95,81861.15,909.57,32744.46,40.0,1515.95
2023-05-01,2023,5,May,Q2,Monitor 4K,Eletrônicos,Nordeste,47,1882.36,88471.14,1129.42,35388.45,40.0,1882.36
2023-05-01,2023,5,May,Q2,Monitor 4K,Eletrônicos,Norte,15,1743.94,26159.06,1046.36,10463.62,40.0,1743.94
2023-05-01,2023,5,May,Q2,Teclado Mecânico,Acessórios,Sul,70,461.18,32282.41,276.71,12912.96,40.0,461.18
2023-05-01,2023,5,May,Q2,Teclado Mecânico,Acessórios,Sudeste,144,439.14,63236.45,263.49,25294.58,40.0,439.14
2023-05-01,2023,5,May,Q2,Teclado Mecânico,Acessórios,Centro-Oeste,56,455.1,25485.5,273.06,10194.2,40.0,455.1
2023-05-01,2023,5,May,Q2,Teclado Mecânico,Acessórios,Nordeste,64,459.63,29416.47,275.78,11766.59,40.0,459.63
2023-05-01,2023,5,May,Q2,Teclado Mecânico,Acessórios,Norte,24,428.12,10274.85,256.87,4109.94,40.0,428.12
2023-06-01,2023,6,June,Q2,Notebook Pro,Eletrônicos,Sul,30,3419.78,102593.47,2051.87,41037.39,40.0,3419.78
2023-06-01,2023,6,June,Q2,Notebook Pro,Eletrônicos,Sudeste,65,3537.36,229928.15,2122.41,91971.26,40.0,3537.36
2023-06-01,2023,6,June,Q2,Notebook Pro,Eletrônicos,Centro-Oeste,19,3658.02,69502.41,2194.81,27800.97,40.0,3658.02
2023-06-01,2023,6,June,Q2,Notebook Pro,Eletrônicos,Nordeste,24,3540.87,84980.98,2124.52,33992.39,40.0,3540.87
2023-06-01,2023,6,June,Q2,Notebook Pro,Eletrônicos,Norte,10,3507.51,35075.07,2104.5,14030.03,40.0,3507.51
2023-06-01,2023,6,June,Q2,Tablet Smart,Eletrônicos,Sul,54,1204.6,65048.39,722.76,26019.36,40.0,1204.6
2023-06-01,2023,6,June,Q2,Tablet Smart,Eletrônicos,Sudeste,116,1247.44,144703.22,748.46,57881.29,40.0,1247.44
2023-06-01,2023,6,June,Q2,Tablet Smart,Eletrônicos,Centro-Oeste,50,1169.81,58490.3,701.88,23396.12,40.0,1169.81
2023-06-01,2023,6,June,Q2,Tablet Smart,Eletrônicos,Nordeste,44,1193.11,52496.64,715.86,20998.66,40.0,1193.11
2023-06-01,2023,6,June,Q2,Tablet Smart,Eletrônicos,Norte,18,1142.63,20567.33,685.58,8226.93,40.0,1142.63
2023-06-01,2023,6,June,Q2,Fone Wireless,Acessórios,Sul,144,238.9,34402.23,143.34,13760.89,40.0,238.9
2023-06-01,2023,6,June,Q2,Fone Wireless,Acessórios,Sudeste,377,247.74,93398.65,148.65,37359.46,40.0,247.74
2023-06-01,2023,6,June,Q2,Fone Wireless,Acessórios,Centro-Oeste,123,241.49,29702.94,144.89,11881.18,40.0,241.49
2023-06-01,2023,6,June,Q2,Fone Wireless,Acessórios,Nordeste,159,259.54,41267.22,155.73,16506.89,40.0,259.54
2023-06-01,2023,6,June,Q2,Fone Wireless,Acessórios,Norte,55,240.26,13214.34,144.16,5285.74,40.0,240.26
2023-06-01,2023,6,June,Q2,Monitor 4K,Eletrônicos,Sul,53,1806.4,95739.18,1083.84,38295.67,40.0,1806.4
2023-06-01,2023,6,June,Q2,Monitor 4K,Eletrônicos,Sudeste,89,1859.14,165463.46,1115.48,66185.38,40.0,1859.14
2023-06-01,2023,6,June,Q2,Monitor 4K,Eletrônicos,Centro-Oeste,34,1801.01,61234.48,1080.61,24493.79,40.0,1801.01
2023-06-01,2023,6,June,Q2,Monitor 4K,Eletrônicos,Nordeste,44,1728.46,76052.34,1037.08,30420.94,40.0,1728.46
2023-06-01,2023,6,June,Q2,Monitor 4K,Eletrônicos,Norte,15,1864.59,27968.81,1118.75,11187.52,40.0,1864.59
2023-06-01,2023,6,June,Q2,Teclado Mecânico,Acessórios,Sul,104,466.14,48479.02,279.69,19391.61,40.0,466.14
2023-06-01,2023,6,June,Q2,Teclado Mecânico,Acessórios,Sudeste,173,457.81,79201.83,274.69,31680.73,40.0,457.81
2023-06-01,2023,6,June,Q2,Teclado Mecânico,Acessórios,Centro-Oeste,77,437.83,33713.06,262.7,13485.22,40.0,437.83
2023-06-01,2023,6,June,Q2,Teclado Mecânico,Acessórios,Nordeste,83,434.76,36085.19,260.86,14434.08,40.0,434.76
2023-06-01,2023,6,June,Q2,Teclado Mecânico,Acessórios,Norte,36,434.96,15658.51,260.98,6263.4,40.0,434.96
2023-07-01,2023,7,July,Q3,Notebook Pro,Eletrônicos,Sul,26,3402.83,88473.49,2041.7,35389.4,40.0,3402.83
2023-07-01,2023,7,July,Q3,Notebook Pro,Eletrônicos,Sudeste,61,3410.87,208063.27,2046.52,83225.31,40.0,3410.87
2023-07-01,2023,7,July,Q3,Notebook Pro,Eletrônicos,Centro-Oeste,21,3660.95,76879.99,2196.57,30752.0,40.0,3660.95
2023-07-01,2023,7,July,Q3,Notebook Pro,Eletrônicos,Nordeste,26,3470.52,90233.55,2082.31,36093.42,40.0,3470.52
2023-07-01,2023,7,July,Q3,Notebook Pro,Eletrônicos,Norte,11,3385.09,37236.02,2031.06,14894.41,40.0,3385.09
2023-07-01,2023,7,July,Q3,Tablet Smart,Eletrônicos,Sul,81,1244.46,100801.52,746.68,40320.61,40.0,1244.46
2023-07-01,2023,7,July,Q3,Tablet Smart,Eletrônicos,Sudeste,156,1154.06,180034.06,692.44,72013.62,40.0,1154.06
2023-07-01,2023,7,July,Q3,Tablet Smart,Eletrônicos,Centro-Oeste,48,1223.05,58706.34,733.83,23482.54,40.0,1223.05
2023-07-01,2023,7,July,Q3,Tablet Smart,Eletrônicos,Nordeste,66,1200.94,79261.82,720.56,31704.73,40.0,1200.94
2023-07-01,2023,7,July,Q3,Tablet Smart,Eletrônicos,Norte,24,1235.13,29643.14,741.08,11857.26,40.0,1235.13
2023-07-01,2023,7,July,Q3,Fone Wireless,Acessórios,Sul,212,254.72,53999.75,152.83,21599.9,40.0,254.72
2023-07-01,2023,7,July,Q3,Fone Wireless,Acessórios,Sudeste,370,255.59,94566.85,153.35,37826.74,40.0,255.59
2023-07-01,2023,7,July,Q3,Fone Wireless,Acessórios,Centro-Oeste,141,249.63,35197.46,149.78,14078.98,40.0,249.63
2023-07-01,2023,7,July,Q3,Fone Wireless,Acessórios,Nordeste,169,248.78,42044.22,149.27,16817.69,40.0,248.78
2023-07-01,2023,7,July,Q3,Fone Wireless,Acessórios,Norte,62,239.39,14842.33,143.64,5936.93,40.0,239.39
2023-07-01,2023,7,July,Q3,Monitor 4K,Eletrônicos,Sul,62,1872.32,116083.8,1123.39,46433.52,40.0,1872.32
2023-07-01,2023,7,July,Q3,Monitor 4K,Eletrônicos,Sudeste,98,1807.52,177136.66,1084.51,70854.67,40.0,1807.52
2023-07-01,2023,7,July,Q3,Monitor 4K,Eletrônicos,Centro-Oeste,40,1826.7,73067.89,1096.02,29227.16,40.0,1826.7
2023-07-01,2023,7,July,Q3,Monitor 4K,Eletrônicos,Nordeste,46,1889.49,86916.67,1133.7,34766.67,40.0,1889.49
2023-07-01,2023,7,July,Q3,Monitor 4K,Eletrônicos,Norte,19,1749.62,33242.78,1049.77,13297.11,40.0,1749.62
2023-07-01,2023,7,July,Q3,Teclado Mecânico,Acessórios,Sul,95,448.39,42597.12,269.03,17038.85,40.0,448.39
2023-07-01,2023,7,July,Q3,Teclado Mecânico,Acessórios,Sudeste,247,390.49,96449.87,234.29,38579.95,40.0,390.49
2023-07-01,2023,7,July,Q3,Teclado Mecânico,Acessórios,Centro-Oeste,69,427.74,29514.0,256.64,11805.6,40.0,427.74
2023-07-01,2023,7,July,Q3,Teclado Mecânico,Acessórios,Nordeste,112,452.18,50644.03,271.31,20257.61,40.0,452.18
2023-07-01,2023,7,July,Q3,Teclado Mecânico,Acessórios,Norte,39,461.33,17991.82,276.8,7196.73,40.0,461.33
2023-08-01,2023,8,August,Q3,Notebook Pro,Eletrônicos,Sul,32,3374.11,107971.63,2024.47,43188.65,40.0,3374.11
2023-08-01,2023,8,August,Q3,Notebook Pro,Eletrônicos,Sudeste,59,3393.24,200201.24,2035.94,80080.5,40.0,3393.24
2023-08-01,2023,8,August,Q3,Notebook Pro,Eletrônicos,Centro-Oeste,25,3642.88,91072.0,2185.73,36428.8,40.0,3642.88
2023-08-01,2023,8,August,Q3,Notebook Pro,Eletrônicos,Nordeste,30,3527.58,105827.47,2116.55,42330.99,40.0,3527.58
2023-08-01,2023,8,August,Q3,Notebook Pro,Eletrônicos,Norte,9,3490.87,31417.85,2094.52,12567.14,40.0,3490.87
2023-08-01,2023,8,August,Q3,Tablet Smart,Eletrônicos,Sul,68,1168.98,79490.65,701.39,31796.26,40.0,1168.98
2023-08-01,2023,8,August,Q3,Tablet Smart,Eletrônicos,Sudeste,135,1248.94,168606.98,749.36,67442.79,40.0,1248.94
2023-08-01,2023,8,August,Q3,Tablet Smart,Eletrônicos,Centro-Oeste,54,1185.94,64040.54,711.56,25616.21,40.0,1185.94
2023-08-01,2023,8,August,Q3,Tablet Smart,Eletrônicos,Nordeste,66,1235.55,81546.23,741.33,32618.49,40.0,1235.55
2023-08-01,2023,8,August,Q3,Tablet Smart,Eletrônicos,Norte,27,1216.36,32841.85,729.82,13136.74,40.0,1216.36
2023-08-01,2023,8,August,Q3,Fone Wireless,Acessórios,Sul,174,242.27,42155.53,145.36,16862.21,40.0,242.27
2023-08-01,2023,8,August,Q3,Fone Wireless,Acessórios,Sudeste,294,254.05,74690.47,152.43,29876.19,40.0,254.05
2023-08-01,2023,8,August,Q3,Fone Wireless,Acessórios,Centro-Oeste,146,256.52,37452.11,153.91,14980.84,40.0,256.52
2023-08-01,2023,8,August,Q3,Fone Wireless,Acessórios,Nordeste,180,211.06,37991.22,126.64,15196.49,40.0,211.06
2023-08-01,2023,8,August,Q3,Fone Wireless,Acessórios,Norte,69,238.34,16445.59,143.01,6578.24,40.0,238.34
2023-08-01,2023,8,August,Q3,Monitor 4K,Eletrônicos,Sul,41,1830.03,75031.33,1098.02,30012.53,40.0,1830.03
2023-08-01,2023,8,August,Q3,Monitor 4K,Eletrônicos,Sudeste,96,1869.86,179506.68,1121.92,71802.67,40.0,1869.86
2023-08-01,2023,8,August,Q3,Monitor 4K,Eletrônicos,Centro-Oeste,33,1813.81,59855.61,1088.28,23942.24,40.0,1813.81
2023-08-01,2023,8,August,Q3,Monitor 4K,Eletrônicos,Nordeste,41,1889.8,77481.83,1133.88,30992.73,40.0,1889.8
2023-08-01,2023,8,August,Q3,Monitor 4K,Eletrônicos,Norte,15,1889.57,28343.6,1133.74,11337.44,40.0,1889.57
2023-08-01,2023,8,August,Q3,Teclado Mecânico,Acessórios,Sul,73,446.0,32558.26,267.6,13023.31,40.0,446.0
2023-08-01,2023,8,August,Q3,Teclado Mecânico,Acessórios,Sudeste,161,452.98,72929.48,271.79,29171.79,40.0,452.98
2023-08-01,2023,8,August,Q3,Teclado Mecânico,Acessórios,Centro-Oeste,70,372.25,26057.48,223.35,10422.99,40.0,372.25
2023-08-01,2023,8,August,Q3,Teclado Mecânico,Acessórios,Nordeste,78,429.25,33481.67,257.55,13392.67,40.0,429.25
2023-08-01,2023,8,August,Q3,Teclado Mecânico,Acessórios,Norte,27,452.85,12227.03,271.71,4890.81,40.0,452.85
2023-09-01,2023,9,September,Q3,Notebook Pro,Eletrônicos,Sul,39,3671.74,143197.77,2203.04,57279.11,40.0,3671.74
2023-09-01,2023,9,September,Q3,Notebook Pro,Eletrônicos,Sudeste,72,3572.59,257226.4,2143.55,102890.56,40.0,3572.59
2023-09-01,2023,9,September,Q3,Notebook Pro,Eletrônicos,Centro-Oeste,23,3650.2,83954.57,2190.12,33581.83,40.0,3650.2
2023-09-01,2023,9,September,Q3,Notebook Pro,Eletrônicos,Nordeste,28,3399.07,95174.03,2039.44,38069.61,40.0,3399.07
2023-09-01,2023,9,September,Q3,Notebook Pro,Eletrônicos,Norte,12,3575.29,42903.42,2145.17,17161.37,40.0,3575.28
2023-09-01,2023,9,September,Q3,Tablet Smart,Eletrônicos,Sul,55,1194.57,65701.44,716.74,26280.58,40.0,1194.57
2023-09-01,2023,9,September,Q3,Tablet Smart,Eletrônicos,Sudeste,120,1160.08,139209.94,696.05,55683.98,40.0,1160.08
2023-09-01,2023,9,September,Q3,Tablet Smart,Eletrônicos,Centro-Oeste,41,1223.66,50169.91,734.19,20067.96,40.0,1223.66
2023-09-01,2023,9,September,Q3,Tablet Smart,Eletrônicos,Nordeste,49,1211.92,59383.9,727.15,23753.56,40.0,1211.92
2023-09-01,2023,9,September,Q3,Tablet Smart,Eletrônicos,Norte,17,1194.62,20308.55,716.77,8123.42,40.0,1194.62
2023-09-01,2023,9,September,Q3,Fone Wireless,Acessórios,Sul,195,254.99,49723.24,152.99,19889.3,40.0,254.99
2023-09-01,2023,9,September,Q3,Fone Wireless,Acessórios,Sudeste,421,261.52,110101.18,156.91,44040.47,40.0,261.52
2023-09-01,2023,9,September,Q3,Fone Wireless,Acessórios,Centro-Oeste,120,251.82,30217.82,151.09,12087.13,40.0,251.82
2023-09-01,2023,9,September,Q3,Fone Wireless,Acessórios,Nordeste,163,252.08,41089.0,151.25,16435.6,40.0,252.08
2023-09-01,2023,9,September,Q3,Fone Wireless,Acessórios,Norte,56,252.67,14149.59,151.6,5659.83,40.0,252.67
2023-09-01,2023,9,September,Q3,Monitor 4K,Eletrônicos,Sul,46,1828.63,84116.9,1097.18,33646.76,40.0,1828.63
2023-09-01,2023,9,September,Q3,Monitor 4K,Eletrônicos,Sudeste,94,1842.74,173217.25,1105.64,69286.9,40.0,1842.74
2023-09-01,2023,9,September,Q3,Monitor 4K,Eletrônicos,Centro-Oeste,45,1606.08,72273.48,963.65,28909.39,40.0,1606.08
2023-09-01,2023,9,September,Q3,Monitor 4K,Eletrônicos,Nordeste,44,1793.7,78922.88,1076.22,31569.15,40.0,1793.7
2023-09-01,2023,9,September,Q3,Monitor 4K,Eletrônicos,Norte,14,1770.35,24784.9,1062.21,9913.96,40.0,1770.35
2023-09-01,2023,9,September,Q3,Teclado Mecânico,Acessórios,Sul,81,469.71,38046.38,281.83,15218.55,40.0,469.71
2023-09-01,2023,9,September,Q3,Teclado Mecânico,Acessórios,Sudeste,155,430.7,66757.97,258.42,26703.19,40.0,430.7
2023-09-01,2023,9,September,Q3,Teclado Mecânico,Acessórios,Centro-Oeste,45,432.04,19441.98,259.23,7776.79,40.0,432.04
2023-09-01,2023,9,September,Q3,Teclado Mecânico,Acessórios,Nordeste,63,471.29,29691.17,282.77,11876.47,40.0,471.29
2023-09-01,2023,9,September,Q3,Teclado Mecânico,Acessórios,Norte,22,463.42,10195.31,278.05,4078.12,40.0,463.42
2023-10-01,2023,10,October,Q4,Notebook Pro,Eletrônicos,Sul,28,3406.38,95378.56,2043.83,38151.42,40.0,3406.38
2023-10-01,2023,10,October,Q4,Notebook Pro,Eletrônicos,Sudeste,69,3346.9,230935.94,2008.14,92374.38,40.0,3346.9
2023-10-01,2023,10,October,Q4,Notebook Pro,Eletrônicos,Centro-Oeste,21,3376.42,70904.88,2025.85,28361.95,40.0,3376.42
2023-10-01,2023,10,October,Q4,Notebook Pro,Eletrônicos,Nordeste,24,3522.19,84532.63,2113.32,33813.05,40.0,3522.19
2023-10-01,2023,10,October,Q4,Notebook Pro,Eletrônicos,Norte,8,3528.24,28225.96,2116.95,11290.38,40.0,3528.24
2023-10-01,2023,10,October,Q4,Tablet Smart,Eletrônicos,Sul,46,1198.54,55132.85,719.12,22053.14,40.0,1198.54
2023-10-01,2023,10,October,Q4,Tablet Smart,Eletrônicos,Sudeste,120,1176.78,141213.07,706.07,56485.23,40.0,1176.78
2023-10-01,2023,10,October,Q4,Tablet Smart,Eletrônicos,Centro-Oeste,35,1227.0,42945.03,736.2,17178.01,40.0,1227.0
2023-10-01,2023,10,October,Q4,Tablet Smart,Eletrônicos,Nordeste,39,1233.25,48096.59,739.95,19238.64,40.0,1233.25
2023-10-01,2023,10,October,Q4,Tablet Smart,Eletrônicos,Norte,21,1258.73,26433.42,755.24,10573.37,40.0,1258.73
2023-10-01,2023,10,October,Q4,Fone Wireless,Acessórios,Sul,181,242.38,43870.63,145.43,17548.25,40.0,242.38
2023-10-01,2023,10,October,Q4,Fone Wireless,Acessórios,Sudeste,248,258.46,64097.03,155.07,25638.81,40.0,258.46
2023-10-01,2023,10,October,Q4,Fone Wireless,Acessórios,Centro-Oeste,120,247.67,29720.41,148.6,11888.17,40.0,247.67
2023-10-01,2023,10,October,Q4,Fone Wireless,Acessórios,Nordeste,154,242.41,37331.21,145.45,14932.49,40.0,242.41
2023-10-01,2023,10,October,Q4,Fone Wireless,Acessórios,Norte,63,251.69,15856.67,151.02,6342.67,40.0,251.69
2023-10-01,2023,10,October,Q4,Monitor 4K,Eletrônicos,Sul,40,1809.48,72379.17,1085.69,28951.67,40.0,1809.48
2023-10-01,2023,10,October,Q4,Monitor 4K,Eletrônicos,Sudeste,101,1735.42,175277.44,1041.25,70110.98,40.0,1735.42
2023-10-01,2023,10,October,Q4,Monitor 4K,Eletrônicos,Centro-Oeste,30,1742.91,52287.32,1045.75,20914.93,40.0,1742.91
2023-10-01,2023,10,October,Q4,Monitor 4K,Eletrônicos,Nordeste,37,1876.88,69444.64,1126.13,27777.86,40.0,1876.88
2023-10-01,2023,10,October,Q4,Monitor 4K,Eletrônicos,Norte,15,1853.59,27803.88,1112.16,11121.55,40.0,1853.59
2023-10-01,2023,10,October,Q4,Teclado Mecânico,Acessórios,Sul,65,452.56,29416.1,271.53,11766.44,40.0,452.56
2023-10-01,2023,10,October,Q4,Teclado Mecânico,Acessórios,Sudeste,166,437.42,72612.17,262.45,29044.87,40.0,437.42
2023-10-01,2023,10,October,Q4,Teclado Mecânico,Acessórios,Centro-Oeste,54,438.74,23691.7,263.24,9476.68,40.0,438.74
2023-10-01,2023,10,October,Q4,Teclado Mecânico,Acessórios,Nordeste,66,455.73,30078.17,273.44,12031.27,40.0,455.73
2023-10-01,2023,10,October,Q4,Teclado Mecânico,Acessórios,Norte,25,448.12,11203.11,268.87,4481.25,40.0,448.12
2023-11-01,2023,11,November,Q4,Notebook Pro,Eletrônicos,Sul,45,3339.02,150255.93,2003.41,60102.37,40.0,3339.02
2023-11-01,2023,11,November,Q4,Notebook Pro,Eletrônicos,Sudeste,85,3408.35,289709.86,2045.01,115883.95,40.0,3408.35
2023-11-01,2023,11,November,Q4,Notebook Pro,Eletrônicos,Centro-Oeste,38,3379.07,128404.75,2027.44,51361.9,40.0,3379.07
2023-11-01,2023,11,November,Q4,Notebook Pro,Eletrônicos,Nordeste,38,3533.92,134288.91,2120.35,53715.56,40.0,3533.92
2023-11-01,2023,11,November,Q4,Notebook Pro,Eletrônicos,Norte,22,2877.04,63294.79,1726.22,25317.91,40.0,2877.04
2023-11-01,2023,11,November,Q4,Tablet Smart,Eletrônicos,Sul,52,1180.85,61404.17,708.51,24561.67,40.0,1180.85
2023-11-01,2023,11,November,Q4,Tablet Smart,Eletrônicos,Sudeste,115,1200.15,138017.6,720.09,55207.04,40.0,1200.15
2023-11-01,2023,11,November,Q4,Tablet Smart,Eletrônicos,Centro-Oeste,42,1206.14,50657.85,723.68,20263.14,40.0,1206.14
2023-11-01,2023,11,November,Q4,Tablet Smart,Eletrônicos,Nordeste,43,1145.95,49276.01,687.57,19710.4,40.0,1145.95
2023-11-01,2023,11,November,Q4,Tablet Smart,Eletrônicos,Norte,17,1213.0,20620.97,727.8,8248.39,40.0,1213.0
2023-11-01,2023,11,November,Q4,Fone Wireless,Acessórios,Sul,198,247.3,48965.86,148.38,19586.35,40.0,247.3
2023-11-01,2023,11,November,Q4,Fone Wireless,Acessórios,Sudeste,335,256.82,86034.46,154.09,34413.78,40.0,256.82
2023-11-01,2023,11,November,Q4,Fone Wireless,Acessórios,Centro-Oeste,149,247.18,36830.28,148.31,14732.11,40.0,247.18
2023-11-01,2023,11,November,Q4,Fone Wireless,Acessórios,Nordeste,157,258.17,40532.92,154.9,16213.17,40.0,258.17
2023-11-01,2023,11,November,Q4,Fone Wireless,Acessórios,Norte,60,238.25,14295.16,142.95,5718.06,40.0,238.25
2023-11-01,2023,11,November,Q4,Monitor 4K,Eletrônicos,Sul,41,1877.98,76997.05,1126.79,30798.82,40.0,1877.98
2023-11-01,2023,11,November,Q4,Monitor 4K,Eletrônicos,Sudeste,83,1862.66,154600.75,1117.6,61840.3,40.0,1862.66
2023-11-01,2023,11,November,Q4,Monitor 4K,Eletrônicos,Centro-Oeste,40,1843.03,73721.28,1105.82,29488.51,40.0,1843.03
2023-11-01,2023,11,November,Q4,Monitor 4K,Eletrônicos,Nordeste,45,1822.08,81993.79,1093.25,32797.51,40.0,1822.08
2023-11-01,2023,11,November,Q4,Monitor 4K,Eletrônicos,Norte,17,1771.19,30110.31,1062.72,12044.13,40.0,1771.19
2023-11-01,2023,11,November,Q4,Teclado Mecânico,Acessórios,Sul,92,465.06,42785.13,279.03,17114.05,40.0,465.06
2023-11-01,2023,11,November,Q4,Teclado Mecânico,Acessórios,Sudeste,169,444.26,75080.43,266.56,30032.17,40.0,444.26
2023-11-01,2023,11,November,Q4,Teclado Mecânico,Acessórios,Centro-Oeste,63,471.06,29677.0,282.64,11870.8,40.0,471.06
2023-11-01,2023,11,November,Q4,Teclado Mecânico,Acessórios,Nordeste,93,438.6,40789.77,263.16,16315.91,40.0,438.6
2023-11-01,2023,11,November,Q4,Teclado Mecânico,Acessórios,Norte,38,453.51,17233.19,272.1,6893.28,40.0,453.5
2023-12-01,2023,12,December,Q4,Notebook Pro,Eletrônicos,Sul,49,3589.97,175908.38,2153.98,70363.35,40.0,3589.97
2023-12-01,2023,12,December,Q4,Notebook Pro,Eletrônicos,Sudeste,89,3468.92,308733.8,2081.35,123493.52,40.0,3468.92
2023-12-01,2023,12,December,Q4,Notebook Pro,Eletrônicos,Centro-Oeste,31,3638.45,112791.86,2183.07,45116.74,40.0,3638.45
2023-12-01,2023,12,December,Q4,Notebook Pro,Eletrônicos,Nordeste,34,3391.71,115318.26,2035.03,46127.3,40.0,3391.71
2023-12-01,2023,12,December,Q4,Notebook Pro,Eletrônicos,Norte,16,3475.49,55607.76,2085.29,22243.11,40.0,3475.48
2023-12-01,2023,12,December,Q4,Tablet Smart,Eletrônicos,Sul,56,1174.55,65774.99,704.73,26310.0,40.0,1174.55
2023-12-01,2023,12,December,Q4,Tablet Smart,Eletrônicos,Sudeste,132,1211.53,159921.94,726.92,63968.78,40.0,1211.53
2023-12-01,2023,12,December,Q4,Tablet Smart,Eletrônicos,Centro-Oeste,41,1248.29,51179.87,748.97,20471.95,40.0,1248.29
2023-12-01,2023,12,December,Q4,Tablet Smart,Eletrônicos,Nordeste,47,1219.04,57294.85,731.42,22917.94,40.0,1219.04
2023-12-01,2023,12,December,Q4,Tablet Smart,Eletrônicos,Norte,23,1247.81,28699.55,748.68,11479.82,40.0,1247.81
2023-12-01,2023,12,December,Q4,Fone Wireless,Acessórios,Sul,195,237.77,46365.2,142.66,18546.08,40.0,237.77
2023-12-01,2023,12,December,Q4,Fone Wireless,Acessórios,Sudeste,386,249.1,96152.42,149.46,38460.97,40.0,249.1
2023-12-01,2023,12,December,Q4,Fone Wireless,Acessórios,Centro-Oeste,130,242.87,31572.76,145.72,12629.1,40.0,242.87
2023-12-01,2023,12,December,Q4,Fone Wireless,Acessórios,Nordeste,174,240.08,41774.2,144.05,16709.68,40.0,240.08
2023-12-01,2023,12,December,Q4,Fone Wireless,Acessórios,Norte,77,244.91,18857.99,146.95,7543.2,40.0,244.91
2023-12-01,2023,12,December,Q4,Monitor 4K,Eletrônicos,Sul,47,1772.55,83310.01,1063.53,33324.0,40.0,1772.55
2023-12-01,2023,12,December,Q4,Monitor 4K,Eletrônicos,Sudeste,95,1834.56,174283.39,1100.74,69713.36,40.0,1834.56
2023-12-01,2023,12,December,Q4,Monitor 4K,Eletrônicos,Centro-Oeste,29,1813.97,52605.24,1088.38,21042.1,40.0,1813.97
2023-12-01,2023,12,December,Q4,Monitor 4K,Eletrônicos,Nordeste,45,1857.73,83597.64,1114.64,33439.06,40.0,1857.73
2023-12-01,2023,12,December,Q4,Monitor 4K,Eletrônicos,Norte,17,1769.07,30074.23,1061.44,12029.69,40.0,1769.07
2023-12-01,2023,12,December,Q4,Teclado Mecânico,Acessórios,Sul,90,448.5,40365.11,269.1,16146.04,40.0,448.5
2023-12-01,2023,12,December,Q4,Teclado Mecânico,Acessórios,Sudeste,204,463.88,94631.16,278.33,37852.47,40.0,463.88
2023-12-01,2023,12,December,Q4,Teclado Mecânico,Acessórios,Centro-Oeste,65,448.16,29130.44,268.9,11652.18,40.0,448.16
2023-12-01,2023,12,December,Q4,Teclado Mecânico,Acessórios,Nordeste,102,428.97,43754.91,257.38,17501.96,40.0,428.97
2023-12-01,2023,12,December,Q4,Teclado Mecânico,Acessórios,Norte,40,434.75,17390.19,260.85,6956.08,40.0,434.75
2024-01-01,2024,1,January,Q1,Notebook Pro,Eletrônicos,Sul,31,3348.96,103817.69,2009.37,41527.07,40.0,3348.96
2024-01-01,2024,1,January,Q1,Notebook Pro,Eletrônicos,Sudeste,51,3539.48,180513.41,2123.69,72205.36,40.0,3539.48
2024-01-01,2024,1,January,Q1,Notebook Pro,Eletrônicos,Centro-Oeste,18,3517.73,63319.18,2110.64,25327.67,40.0,3517.73
2024-01-01,2024,1,January,Q1,Notebook Pro,Eletrônicos,Nordeste,22,3610.13,79422.97,2166.08,31769.19,40.0,3610.14
2024-01-01,2024,1,January,Q1,Notebook Pro,Eletrônicos,Norte,7,3449.21,24144.5,2069.53,9657.8,40.0,3449.21
2024-01-01,2024,1,January,Q1,Tablet Smart,Eletrônicos,Sul,78,1218.98,95080.38,731.39,38032.15,40.0,1218.98
2024-01-01,2024,1,January,Q1,Tablet Smart,Eletrônicos,Sudeste,195,1053.38,205410.04,632.03,82164.02,40.0,1053.38
2024-01-01,2024,1,January,Q1,Tablet Smart,Eletrônicos,Centro-Oeste,55,1160.18,63810.14,696.11,25524.06,40.0,1160.18
2024-01-01,2024,1,January,Q1,Tablet Smart,Eletrônicos,Nordeste,72,1227.78,88400.04,736.67,35360.02,40.0,1227.78
2024-01-01,2024,1,January,Q1,Tablet Smart,Eletrônicos,Norte,21,1246.34,26173.18,747.81,10469.27,40.0,1246.34
2024-01-01,2024,1,January,Q1,Fone Wireless,Acessórios,Sul,219,247.58,54220.08,148.55,21688.03,40.0,247.58
2024-01-01,2024,1,January,Q1,Fone Wireless,Acessórios,Sudeste,426,254.44,108389.72,152.66,43355.89,40.0,254.44
2024-01-01,2024,1,January,Q1,Fone Wireless,Acessórios,Centro-Oeste,137,258.32,35390.28,154.99,14156.11,40.0,258.32
2024-01-01,2024,1,January,Q1,Fone Wireless,Acessórios,Nordeste,177,248.28,43946.01,148.97,17578.4,40.0,248.28
2024-01-01,2024,1,January,Q1,Fone Wireless,Acessórios,Norte,70,249.6,17472.04,149.76,6988.81,40.0,249.6
2024-01-01,2024,1,January,Q1,Monitor 4K,Eletrônicos,Sul,44,1813.15,79778.49,1087.89,31911.4,40.0,1813.15
2024-01-01,2024,1,January,Q1,Monitor 4K,Eletrônicos,Sudeste,103,1772.25,182541.25,1063.35,73016.5,40.0,1772.25
2024-01-01,2024,1,January,Q1,Monitor 4K,Eletrônicos,Centro-Oeste,34,1880.42,63934.15,1128.25,25573.66,40.0,1880.42
2024-01-01,2024,1,January,Q1,Monitor 4K,Eletrônicos,Nordeste,43,1828.71,78634.58,1097.23,31453.83,40.0,1828.71
2024-01-01,2024,1,January,Q1,Monitor 4K,Eletrônicos,Norte,14,1878.94,26305.1,1127.36,10522.04,40.0,1878.94
2024-01-01,2024,1,January,Q1,Teclado Mecânico,Acessórios,Sul,74,452.09,33454.71,271.25,13381.88,40.0,452.09
2024-01-01,2024,1,January,Q1,Teclado Mecânico,Acessórios,Sudeste,136,435.19,59186.13,261.12,23674.45,40.0,435.19
2024-01-01,2024,1,January,Q1,Teclado Mecânico,Acessórios,Centro-Oeste,54,428.25,23125.32,256.95,9250.13,40.0,428.25
2024-01-01,2024,1,January,Q1,Teclado Mecânico,Acessórios,Nordeste,69,434.84,30003.67,260.9,12001.47,40.0,434.84
2024-01-01,2024,1,January,Q1,Teclado Mecânico,Acessórios,Norte,25,466.58,11664.46,279.95,4665.78,40.0,466.58
2024-02-01,2024,2,February,Q1,Notebook Pro,Eletrônicos,Sul,29,2841.31,82398.0,1704.79,32959.2,40.0,2841.31
2024-02-01,2024,2,February,Q1,Notebook Pro,Eletrônicos,Sudeste,65,2999.77,194984.89,1799.86,77993.96,40.0,2999.77
2024-02-01,2024,2,February,Q1,Notebook Pro,Eletrônicos,Centro-Oeste,23,2917.41,67100.52,1750.45,26840.21,40.0,2917.41
2024-02-01,2024,2,February,Q1,Notebook Pro,Eletrônicos,Nordeste,23,3515.47,80855.8,2109.28,32342.32,40.0,3515.47
2024-02-01,2024,2,February,Q1,Notebook Pro,Eletrônicos,Norte,7,3420.02,23940.16,2052.01,9576.06,40.0,3420.02
2024-02-01,2024,2,February,Q1,Tablet Smart,Eletrônicos,Sul,73,1191.13,86952.82,714.68,34781.13,40.0,1191.13
2024-02-01,2024,2,February,Q1,Tablet Smart,Eletrônicos,Sudeste,168,1166.92,196042.26,700.15,78416.9,40.0,1166.92
2024-02-01,2024,2,February,Q1,Tablet Smart,Eletrônicos,Centro-Oeste,49,1244.48,60979.65,746.69,24391.86,40.0,1244.48
2024-02-01,2024,2,February,Q1,Tablet Smart,Eletrônicos,Nordeste,63,1230.3,77508.66,738.18,31003.46,40.0,1230.3
2024-02-01,2024,2,February,Q1,Tablet Smart,Eletrônicos,Norte,21,1187.35,24934.32,712.41,9973.73,40.0,1187.35
2024-02-01,2024,2,February,Q1,Fone Wireless,Acessórios,Sul,168,251.8,42302.38,151.08,16920.95,40.0,251.8
2024-02-01,2024,2,February,Q1,Fone Wireless,Acessórios,Sudeste,377,244.2,92065.04,146.52,36826.02,40.0,244.2
2024-02-01,2024,2,February,Q1,Fone Wireless,Acessórios,Centro-Oeste,136,254.49,34610.97,152.7,13844.39,40.0,254.49
2024-02-01,2024,2,February,Q1,Fone Wireless,Acessórios,Nordeste,185,242.34,44832.14,145.4,17932.86,40.0,242.34
2024-02-01,2024,2,February,Q1,Fone Wireless,Acessórios,Norte,58,259.65,15059.82,155.79,6023.93,40.0,259.65
2024-02-01,2024,2,February,Q1,Monitor 4K,Eletrônicos,Sul,44,1753.3,77145.01,1051.98,30858.0,40.0,1753.3
2024-02-01,2024,2,February,Q1,Monitor 4K,Eletrônicos,Sudeste,84,1831.16,153817.15,1098.69,61526.86,40.0,1831.16
2024-02-01,2024,2,February,Q1,Monitor 4K,Eletrônicos,Centro-Oeste,36,1774.89,63895.87,1064.93,25558.35,40.0,1774.89
2024-02-01,2024,2,February,Q1,Monitor 4K,Eletrônicos,Nordeste,38,1724.62,65535.61,1034.77,26214.24,40.0,1724.62
2024-02-01,2024,2,February,Q1,Monitor 4K,Eletrônicos,Norte,15,1814.01,27210.08,1088.4,10884.03,40.0,1814.01
2024-02-01,2024,2,February,Q1,Teclado Mecânico,Acessórios,Sul,85,448.55,38126.38,269.13,15250.55,40.0,448.55
2024-02-01,2024,2,February,Q1,Teclado Mecânico,Acessórios,Sudeste,128,452.89,57969.98,271.73,23187.99,40.0,452.89
2024-02-01,2024,2,February,Q1,Teclado Mecânico,Acessórios,Centro-Oeste,52,469.55,24416.57,281.73,9766.63,40.0,469.55
2024-02-01,2024,2,February,Q1,Teclado Mecânico,Acessórios,Nordeste,83,428.23,35543.01,256.94,14217.2,40.0,428.23
2024-02-01,2024,2,February,Q1,Teclado Mecânico,Acessórios,Norte,26,467.55,12156.2,280.53,4862.48,40.0,467.55
2024-03-01,2024,3,March,Q1,Notebook Pro,Eletrônicos,Sul,33,3413.56,112647.45,2048.14,45058.98,40.0,3413.56
2024-03-01,2024,3,March,Q1,Notebook Pro,Eletrônicos,Sudeste,56,3369.08,188668.72,2021.45,75467.49,40.0,3369.08
2024-03-01,2024,3,March,Q1,Notebook Pro,Eletrônicos,Centro-Oeste,23,3561.77,81920.69,2137.06,32768.28,40.0,3561.77
2024-03-01,2024,3,March,Q1,Notebook Pro,Eletrônicos,Nordeste,32,3563.89,114044.36,2138.33,45617.75,40.0,3563.89
2024-03-01,2024,3,March,Q1,Notebook Pro,Eletrônicos,Norte,12,3404.2,40850.34,2042.52,16340.14,40.0,3404.2
2024-03-01,2024,3,March,Q1,Tablet Smart,Eletrônicos,Sul,51,1215.04,61967.02,729.02,24786.81,40.0,1215.04
2024-03-01,2024,3,March,Q1,Tablet Smart,Eletrônicos,Sudeste,126,1145.4,144320.35,687.24,57728.14,40.0,1145.4
2024-03-01,2024,3,March,Q1,Tablet Smart,Eletrônicos,Centro-Oeste,44,1197.42,52686.63,718.45,21074.65,40.0,1197.42
2024-03-01,2024,3,March,Q1,Tablet Smart,Eletrônicos,Nordeste,50,1149.79,57489.59,689.88,22995.84,40.0,1149.79
2024-03-01,2024,3,March,Q1,Tablet Smart,Eletrônicos,Norte,17,1215.77,20668.01,729.46,8267.2,40.0,1215.77
2024-03-01,2024,3,March,Q1,Fone Wireless,Acessórios,Sul,178,254.1,45229.02,152.46,18091.61,40.0,254.1
2024-03-01,2024,3,March,Q1,Fone Wireless,Acessórios,Sudeste,328,259.76,85201.15,155.86,34080.46,40.0,259.76
2024-03-01,2024,3,March,Q1,Fone Wireless,Acessórios,Centro-Oeste,131,239.75,31406.85,143.85,12562.74,40.0,239.75
2024-03-01,2024,3,March,Q1,Fone Wireless,Acessórios,Nordeste,166,260.43,43231.66,156.26,17292.66,40.0,260.43
2024-03-01,2024,3,March,Q1,Fone Wireless,Acessórios,Norte,56,250.64,14035.66,150.38,5614.26,40.0,250.64
2024-03-01,2024,3,March,Q1,Monitor 4K,Eletrônicos,Sul,55,1852.59,101892.69,1111.56,40757.08,40.0,1852.59
2024-03-01,2024,3,March,Q1,Monitor 4K,Eletrônicos,Sudeste,96,1710.2,164179.22,1026.12,65671.69,40.0,1710.2
2024-03-01,2024,3,March,Q1,Monitor 4K,Eletrônicos,Centro-Oeste,35,1829.13,64019.56,1097.48,25607.82,40.0,1829.13
2024-03-01,2024,3,March,Q1,Monitor 4K,Eletrônicos,Nordeste,48,1810.18,86888.84,1086.11,34755.54,40.0,1810.18
2024-03-01,2024,3,March,Q1,Monitor 4K,Eletrônicos,Norte,13,1727.0,22450.94,1036.2,8980.38,40.0,1727.0
2024-03-01,2024,3,March,Q1,Teclado Mecânico,Acessórios,Sul,76,445.59,33864.93,267.35,13545.97,40.0,445.59
2024-03-01,2024,3,March,Q1,Teclado Mecânico,Acessórios,Sudeste,218,367.9,80201.52,220.74,32080.61,40.0,367.9
2024-03-01,2024,3,March,Q1,Teclado Mecânico,Acessórios,Centro-Oeste,53,428.08,22688.26,256.85,9075.3,40.0,428.08
2024-03-01,2024,3,March,Q1,Teclado Mecânico,Acessórios,Nordeste,68,470.59,32000.35,282.36,12800.14,40.0,470.59
2024-03-01,2024,3,March,Q1,Teclado Mecânico,Acessórios,Norte,27,444.6,12004.17,266.76,4801.67,40.0,444.6
2024-04-01,2024,4,April,Q2,Notebook Pro,Eletrônicos,Sul,29,3409.1,98864.04,2045.46,39545.61,40.0,3409.1
2024-04-01,2024,4,April,Q2,Notebook Pro,Eletrônicos,Sudeste,62,3511.16,217691.62,2106.69,87076.65,40.0,3511.16
2024-04-01,2024,4,April,Q2,Notebook Pro,Eletrônicos,Centro-Oeste,26,3528.95,91752.7,2117.37,36701.08,40.0,3528.95
2024-04-01,2024,4,April,Q2,Notebook Pro,Eletrônicos,Nordeste,26,3560.38,92569.82,2136.23,37027.93,40.0,3560.38
2024-04-01,2024,4,April,Q2,Notebook Pro,Eletrônicos,Norte,9,3371.62,30344.61,2022.97,12137.84,40.0,3371.62
2024-04-01,2024,4,April,Q2,Tablet Smart,Eletrônicos,Sul,66,1224.07,80788.84,734.44,32315.54,40.0,1224.07
2024-04-01,2024,4,April,Q2,Tablet Smart,Eletrônicos,Sudeste,131,1200.0,157199.36,720.0,62879.74,40.0,1200.0
2024-04-01,2024,4,April,Q2,Tablet Smart,Eletrônicos,Centro-Oeste,41,1214.05,49776.16,728.43,19910.46,40.0,1214.05
2024-04-01,2024,4,April,Q2,Tablet Smart,Eletrônicos,Nordeste,42,1155.07,48512.77,693.04,19405.11,40.0,1155.07
2024-04-01,2024,4,April,Q2,Tablet Smart,Eletrônicos,Norte,23,1204.96,27714.19,722.98,11085.68,40.0,1204.96
2024-04-01,2024,4,April,Q2,Fone Wireless,Acessórios,Sul,169,240.14,40583.17,144.08,16233.27,40.0,240.14
2024-04-01,2024,4,April,Q2,Fone Wireless,Acessórios,Sudeste,527,219.3,115571.86,131.58,46228.74,40.0,219.3
2024-04-01,2024,4,April,Q2,Fone Wireless,Acessórios,Centro-Oeste,123,254.73,31332.13,152.84,12532.85,40.0,254.73
2024-04-01,2024,4,April,Q2,Fone Wireless,Acessórios,Nordeste,182,257.75,46910.16,154.65,18764.06,40.0,257.75
2024-04-01,2024,4,April,Q2,Fone Wireless,Acessórios,Norte,68,246.62,16770.2,147.97,6708.08,40.0,246.62
2024-04-01,2024,4,April,Q2,Monitor 4K,Eletrônicos,Sul,50,1810.16,90508.18,1086.1,36203.27,40.0,1810.16
2024-04-01,2024,4,April,Q2,Monitor 4K,Eletrônicos,Sudeste,91,1713.77,155952.9,1028.26,62381.16,40.0,1713.77
2024-04-01,2024,4,April,Q2,Monitor 4K,Eletrônicos,Centro-Oeste,36,1769.64,63707.16,1061.79,25482.86,40.0,1769.64
2024-04-01,2024,4,April,Q2,Monitor 4K,Eletrônicos,Nordeste,47,1846.13,86767.91,1107.68,34707.16,40.0,1846.13
2024-04-01,2024,4,April,Q2,Monitor 4K,Eletrônicos,Norte,16,1884.48,30151.65,1130.69,12060.66,40.0,1884.48
2024-04-01,2024,4,April,Q2,Teclado Mecânico,Acessórios,Sul,68,442.77,30108.27,265.66,12043.31,40.0,442.77
2024-04-01,2024,4,April,Q2,Teclado Mecânico,Acessórios,Sudeste,122,445.53,54354.87,267.32,21741.95,40.0,445.53
2024-04-01,2024,4,April,Q2,Teclado Mecânico,Acessórios,Centro-Oeste,57,446.17,25431.53,267.7,10172.61,40.0,446.17
2024-04-01,2024,4,April,Q2,Teclado Mecânico,Acessórios,Nordeste,87,430.27,37433.06,258.16,14973.22,40.0,430.27
2024-04-01,2024,4,April,Q2,Teclado Mecânico,Acessórios,Norte,26,456.69,11874.06,274.02,4749.62,40.0,456.69
2024-05-01,2024,5,May,Q2,Notebook Pro,Eletrônicos,Sul,37,3528.61,130558.49,2117.16,52223.4,40.0,3528.61
2024-05-01,2024,5,May,Q2,Notebook Pro,Eletrônicos,Sudeste,61,3369.39,205532.69,2021.63,82213.08,40.0,3369.39
2024-05-01,2024,5,May,Q2,Notebook Pro,Eletrônicos,Centro-Oeste,20,3345.5,66909.96,2007.3,26763.98,40.0,3345.5
2024-05-01,2024,5,May,Q2,Notebook Pro,Eletrônicos,Nordeste,32,3630.17,116165.43,2178.1,46466.17,40.0,3630.17
2024-05-01,2024,5,May,Q2,Notebook Pro,Eletrônicos,Norte,11,3352.75,36880.23,2011.65,14752.09,40.0,3352.75
2024-05-01,2024,5,May,Q2,Tablet Smart,Eletrônicos,Sul,70,1187.56,83129.03,712.53,33251.61,40.0,1187.56
2024-05-01,2024,5,May,Q2,Tablet Smart,Eletrônicos,Sudeste,112,1211.48,135685.94,726.89,54274.37,40.0,1211.48
2024-05-01,2024,5,May,Q2,Tablet Smart,Eletrônicos,Centro-Oeste,40,1230.62,49224.64,738.37,19689.86,40.0,1230.62
2024-05-01,2024,5,May,Q2,Tablet Smart,Eletrônicos,Nordeste,54,1215.61,65643.0,729.37,26257.2,40.0,1215.61
2024-05-01,2024,5,May,Q2,Tablet Smart,Eletrônicos,Norte,19,1173.25,22291.72,703.95,8916.69,40.0,1173.25
2024-05-01,2024,5,May,Q2,Fone Wireless,Acessórios,Sul,193,238.51,46031.88,143.1,18412.75,40.0,238.51
2024-05-01,2024,5,May,Q2,Fone Wireless,Acessórios,Sudeste,351,252.02,88457.66,151.21,35383.06,40.0,252.02
2024-05-01,2024,5,May,Q2,Fone Wireless,Acessórios,Centro-Oeste,213,222.07,47301.72,133.24,18920.69,40.0,222.07
2024-05-01,2024,5,May,Q2,Fone Wireless,Acessórios,Nordeste,178,239.65,42658.29,143.79,17063.32,40.0,239.65
2024-05-01,2024,5,May,Q2,Fone Wireless,Acessórios,Norte,63,253.6,15976.73,152.16,6390.69,40.0,253.6
2024-05-01,2024,5,May,Q2,Monitor 4K,Eletrônicos,Sul,48,1817.9,87259.34,1090.74,34903.74,40.0,1817.9
2024-05-01,2024,5,May,Q2,Monitor 4K,Eletrônicos,Sudeste,112,1718.71,192494.99,1031.22,76998.0,40.0,1718.71
2024-05-01,2024,5,May,Q2,Monitor 4K,Eletrônicos,Centro-Oeste,39,1815.84,70817.76,1089.5,28327.11,40.0,1815.84
2024-05-01,2024,5,May,Q2,Monitor 4K,Eletrônicos,Nordeste,61,1823.66,111243.42,1094.2,44497.37,40.0,1823.66
2024-05-01,2024,5,May,Q2,Monitor 4K,Eletrônicos,Norte,20,1784.55,35690.91,1070.73,14276.36,40.0,1784.55
2024-05-01,2024,5,May,Q2,Teclado Mecânico,Acessórios,Sul,70,455.65,31895.8,273.39,12758.32,40.0,455.65
2024-05-01,2024,5,May,Q2,Teclado Mecânico,Acessórios,Sudeste,163,430.18,70119.57,258.11,28047.83,40.0,430.18
2024-05-01,2024,5,May,Q2,Teclado Mecânico,Acessórios,Centro-Oeste,52,457.49,23789.66,274.5,9515.86,40.0,457.49
2024-05-01,2024,5,May,Q2,Teclado Mecânico,Acessórios,Nordeste,72,434.85,31309.31,260.91,12523.72,40.0,434.85
2024-05-01,2024,5,May,Q2,Teclado Mecânico,Acessórios,Norte,25,445.4,11135.02,267.24,4454.01,40.0,445.4
2024-06-01,2024,6,June,Q2,Notebook Pro,Eletrônicos,Sul,31,3458.97,107228.21,2075.38,42891.28,40.0,3458.97
2024-06-01,2024,6,June,Q2,Notebook Pro,Eletrônicos,Sudeste,57,3349.9,190944.56,2009.94,76377.82,40.0,3349.9
2024-06-01,2024,6,June,Q2,Notebook Pro,Eletrônicos,Centro-Oeste,24,3632.31,87175.48,2179.39,34870.19,40.0,3632.31
2024-06-01,2024,6,June,Q2,Notebook Pro,Eletrônicos,Nordeste,38,3340.95,126956.28,2004.57,50782.51,40.0,3340.95
2024-06-01,2024,6,June,Q2,Notebook Pro,Eletrônicos,Norte,12,3428.81,41145.77,2057.29,16458.31,40.0,3428.81
2024-06-01,2024,6,June,Q2,Tablet Smart,Eletrônicos,Sul,47,1182.98,55599.91,709.79,22239.96,40.0,1182.98
2024-06-01,2024,6,June,Q2,Tablet Smart,Eletrônicos,Sudeste,123,1253.88,154226.95,752.33,61690.78,40.0,1253.88
2024-06-01,2024,6,June,Q2,Tablet Smart,Eletrônicos,Centro-Oeste,40,1140.5,45620.1,684.3,18248.04,40.0,1140.5
2024-06-01,2024,6,June,Q2,Tablet Smart,Eletrônicos,Nordeste,54,1189.29,64221.91,713.58,25688.76,40.0,1189.29
2024-06-01,2024,6,June,Q2,Tablet Smart,Eletrônicos,Norte,20,1227.44,24548.78,736.46,9819.51,40.0,1227.44
2024-06-01,2024,6,June,Q2,Fone Wireless,Acessórios,Sul,199,243.42,48441.2,146.05,19376.48,40.0,243.42
2024-06-01,2024,6,June,Q2,Fone Wireless,Acessórios,Sudeste,396,251.17,99464.6,150.7,39785.84,40.0,251.17
2024-06-01,2024,6,June,Q2,Fone Wireless,Acessórios,Centro-Oeste,164,239.32,39248.21,143.59,15699.29,40.0,239.32
2024-06-01,2024,6,June,Q2,Fone Wireless,Acessórios,Nordeste,178,258.27,45971.27,154.96,18388.51,40.0,258.27
2024-06-01,2024,6,June,Q2,Fone Wireless,Acessórios,Norte,62,247.74,15359.99,148.65,6144.0,40.0,247.74
2024-06-01,2024,6,June,Q2,Monitor 4K,Eletrônicos,Sul,51,1841.56,93919.39,1104.93,37567.76,40.0,1841.56
2024-06-01,2024,6,June,Q2,Monitor 4K,Eletrônicos,Sudeste,132,1859.87,245502.86,1115.92,98201.14,40.0,1859.87
2024-06-01,2024,6,June,Q2,Monitor 4K,Eletrônicos,Centro-Oeste,47,1735.2,81554.29,1041.12,32621.72,40.0,1735.2
2024-06-01,2024,6,June,Q2,Monitor 4K,Eletrônicos,Nordeste,51,1782.49,90907.15,1069.5,36362.86,40.0,1782.49
2024-06-01,2024,6,June,Q2,Monitor 4K,Eletrônicos,Norte,22,1781.28,39188.16,1068.77,15675.27,40.0,1781.28
2024-06-01,2024,6,June,Q2,Teclado Mecânico,Acessórios,Sul,92,470.22,43259.99,282.13,17304.0,40.0,470.22
2024-06-01,2024,6,June,Q2,Teclado Mecânico,Acessórios,Sudeste,260,449.27,116810.49,269.56,46724.2,40.0,449.27
2024-06-01,2024,6,June,Q2,Teclado Mecânico,Acessórios,Centro-Oeste,68,454.22,30886.97,272.53,12354.79,40.0,454.22
2024-06-01,2024,6,June,Q2,Teclado Mecânico,Acessórios,Nordeste,113,453.16,51207.41,271.9,20482.96,40.0,453.16
2024-06-01,2024,6,June,Q2,Teclado Mecânico,Acessórios,Norte,32,428.63,13716.29,257.18,5486.51,40.0,428.63
2024-07-01,2024,7,July,Q3,Notebook Pro,Eletrônicos,Sul,29,3568.23,103478.77,2140.94,41391.51,40.0,3568.23
2024-07-01,2024,7,July,Q3,Notebook Pro,Eletrônicos,Sudeste,75,3582.26,268669.41,2149.36,107467.76,40.0,3582.26
2024-07-01,2024,7,July,Q3,Notebook Pro,Eletrônicos,Centro-Oeste,24,3471.68,83320.44,2083.01,33328.17,40.0,3471.68
2024-07-01,2024,7,July,Q3,Notebook Pro,Eletrônicos,Nordeste,36,2911.98,104831.46,1747.19,41932.58,40.0,2911.98
2024-07-01,2024,7,July,Q3,Notebook Pro,Eletrônicos,Norte,12,3333.38,40000.57,2000.03,16000.23,40.0,3333.38
2024-07-01,2024,7,July,Q3,Tablet Smart,Eletrônicos,Sul,80,1160.93,92874.33,696.56,37149.73,40.0,1160.93
2024-07-01,2024,7,July,Q3,Tablet Smart,Eletrônicos,Sudeste,168,1188.88,199732.49,713.33,79893.0,40.0,1188.88
2024-07-01,2024,7,July,Q3,Tablet Smart,Eletrônicos,Centro-Oeste,101,989.02,99891.22,593.41,39956.49,40.0,989.02
2024-07-01,2024,7,July,Q3,Tablet Smart,Eletrônicos,Nordeste,85,1211.63,102988.84,726.98,41195.54,40.0,1211.63
2024-07-01,2024,7,July,Q3,Tablet Smart,Eletrônicos,Norte,28,1229.98,34439.53,737.99,13775.81,40.0,1229.98
2024-07-01,2024,7,July,Q3,Fone Wireless,Acessórios,Sul,183,242.47,44371.3,145.48,17748.52,40.0,242.47
2024-07-01,2024,7,July,Q3,Fone Wireless,Acessórios,Sudeste,349,251.38,87731.04,150.83,35092.42,40.0,251.38
2024-07-01,2024,7,July,Q3,Fone Wireless,Acessórios,Centro-Oeste,133,239.69,31879.4,143.82,12751.76,40.0,239.69
2024-07-01,2024,7,July,Q3,Fone Wireless,Acessórios,Nordeste,178,242.85,43227.28,145.71,17290.91,40.0,242.85
2024-07-01,2024,7,July,Q3,Fone Wireless,Acessórios,Norte,74,257.47,19052.51,154.48,7621.01,40.0,257.47
2024-07-01,2024,7,July,Q3,Monitor 4K,Eletrônicos,Sul,60,1737.68,104260.86,1042.61,41704.35,40.0,1737.68
2024-07-01,2024,7,July,Q3,Monitor 4K,Eletrônicos,Sudeste,140,1832.23,256512.48,1099.34,102604.99,40.0,1832.23
2024-07-01,2024,7,July,Q3,Monitor 4K,Eletrônicos,Centro-Oeste,51,1839.63,93821.05,1103.78,37528.42,40.0,1839.63
2024-07-01,2024,7,July,Q3,Monitor 4K,Eletrônicos,Nordeste,55,1749.72,96234.45,1049.83,38493.78,40.0,1749.72
2024-07-01,2024,7,July,Q3,Monitor 4K,Eletrônicos,Norte,21,1800.01,37800.22,1080.01,15120.09,40.0,1800.01
2024-07-01,2024,7,July,Q3,Teclado Mecânico,Acessórios,Sul,112,441.57,49455.49,264.94,19782.2,40.0,441.57
2024-07-01,2024,7,July,Q3,Teclado Mecânico,Acessórios,Sudeste,223,471.45,105132.29,282.87,42052.92,40.0,471.45
2024-07-01,2024,7,July,Q3,Teclado Mecânico,Acessórios,Centro-Oeste,94,461.96,43424.58,277.18,17369.83,40.0,461.96
2024-07-01,2024,7,July,Q3,Teclado Mecânico,Acessórios,Nordeste,96,445.21,42740.16,267.13,17096.06,40.0,445.21
2024-07-01,2024,7,July,Q3,Teclado Mecânico,Acessórios,Norte,40,436.81,17472.27,262.08,6988.91,40.0,436.81
2024-08-01,2024,8,August,Q3,Notebook Pro,Eletrônicos,Sul,37,3474.61,128560.69,2084.77,51424.28,40.0,3474.61
2024-08-01,2024,8,August,Q3,Notebook Pro,Eletrônicos,Sudeste,67,3419.21,229086.84,2051.52,91634.74,40.0,3419.21
2024-08-01,2024,8,August,Q3,Notebook Pro,Eletrônicos,Centro-Oeste,22,3643.24,80151.25,2185.94,32060.5,40.0,3643.24
2024-08-01,2024,8,August,Q3,Notebook Pro,Eletrônicos,Nordeste,27,3346.85,90364.98,2008.11,36145.99,40.0,3346.85
2024-08-01,2024,8,August,Q3,Notebook Pro,Eletrônicos,Norte,8,3411.99,27295.91,2047.19,10918.36,40.0,3411.99
2024-08-01,2024,8,August,Q3,Tablet Smart,Eletrônicos,Sul,83,1243.04,103172.63,745.83,41269.05,40.0,1243.04
2024-08-01,2024,8,August,Q3,Tablet Smart,Eletrônicos,Sudeste,185,1157.6,214156.63,694.56,85662.65,40.0,1157.6
2024-08-01,2024,8,August,Q3,Tablet Smart,Eletrônicos,Centro-Oeste,58,1200.07,69604.03,720.04,27841.61,40.0,1200.07
2024-08-01,2024,8,August,Q3,Tablet Smart,Eletrônicos,Nordeste,83,1154.39,95814.73,692.64,38325.89,40.0,1154.39
2024-08-01,2024,8,August,Q3,Tablet Smart,Eletrônicos,Norte,28,1219.48,34145.37,731.69,13658.15,40.0,1219.48
2024-08-01,2024,8,August,Q3,Fone Wireless,Acessórios,Sul,207,261.14,54056.75,156.69,21622.7,40.0,261.14
2024-08-01,2024,8,August,Q3,Fone Wireless,Acessórios,Sudeste,421,256.05,107796.82,153.63,43118.73,40.0,256.05
2024-08-01,2024,8,August,Q3,Fone Wireless,Acessórios,Centro-Oeste,131,259.33,33971.72,155.6,13588.69,40.0,259.33
2024-08-01,2024,8,August,Q3,Fone Wireless,Acessórios,Nordeste,164,258.73,42431.3,155.24,16972.52,40.0,258.73
2024-08-01,2024,8,August,Q3,Fone Wireless,Acessórios,Norte,76,258.41,19639.24,155.05,7855.7,40.0,258.41
2024-08-01,2024,8,August,Q3,Monitor 4K,Eletrônicos,Sul,48,1818.78,87301.26,1091.27,34920.51,40.0,1818.78
2024-08-01,2024,8,August,Q3,Monitor 4K,Eletrônicos,Sudeste,121,1859.32,224977.88,1115.59,89991.15,40.0,1859.32
2024-08-01,2024,8,August,Q3,Monitor 4K,Eletrônicos,Centro-Oeste,36,1835.46,66076.72,1101.28,26430.69,40.0,1835.46
2024-08-01,2024,8,August,Q3,Monitor 4K,Eletrônicos,Nordeste,51,1840.57,93868.91,1104.34,37547.56,40.0,1840.57
2024-08-01,2024,8,August,Q3,Monitor 4K,Eletrônicos,Norte,17,1823.65,31002.01,1094.19,12400.8,40.0,1823.65
2024-08-01,2024,8,August,Q3,Teclado Mecânico,Acessórios,Sul,81,469.89,38061.3,281.94,15224.52,40.0,469.89
2024-08-01,2024,8,August,Q3,Teclado Mecânico,Acessórios,Sudeste,152,427.98,65053.29,256.79,26021.32,40.0,427.98
2024-08-01,2024,8,August,Q3,Teclado Mecânico,Acessórios,Centro-Oeste,62,444.11,27534.89,266.47,11013.96,40.0,444.11
2024-08-01,2024,8,August,Q3,Teclado Mecânico,Acessórios,Nordeste,52,467.1,24289.0,280.26,9715.6,40.0,467.1
2024-08-01,2024,8,August,Q3,Teclado Mecânico,Acessórios,Norte,30,433.73,13011.8,260.24,5204.72,40.0,433.73
2024-09-01,2024,9,September,Q3,Notebook Pro,Eletrônicos,Sul,32,3533.38,113068.1,2120.03,45227.24,40.0,3533.38
2024-09-01,2024,9,September,Q3,Notebook Pro,Eletrônicos,Sudeste,64,3599.77,230385.43,2159.86,92154.17,40.0,3599.77
2024-09-01,2024,9,September,Q3,Notebook Pro,Eletrônicos,Centro-Oeste,23,3485.31,80162.13,2091.19,32064.85,40.0,3485.31
2024-09-01,2024,9,September,Q3,Notebook Pro,Eletrônicos,Nordeste,37,3504.51,129666.73,2102.7,51866.69,40.0,3504.51
2024-09-01,2024,9,September,Q3,Notebook Pro,Eletrônicos,Norte,10,3647.24,36472.42,2188.35,14588.97,40.0,3647.24
2024-09-01,2024,9,September,Q3,Tablet Smart,Eletrônicos,Sul,57,1164.51,66377.02,698.71,26550.81,40.0,1164.51
2024-09-01,2024,9,September,Q3,Tablet Smart,Eletrônicos,Sudeste,124,1160.14,143857.08,696.08,57542.83,40.0,1160.14
2024-09-01,2024,9,September,Q3,Tablet Smart,Eletrônicos,Centro-Oeste,46,1226.88,56436.64,736.13,22574.66,40.0,1226.88
2024-09-01,2024,9,September,Q3,Tablet Smart,Eletrônicos,Nordeste,54,1181.86,63820.43,709.12,25528.17,40.0,1181.86
2024-09-01,2024,9,September,Q3,Tablet Smart,Eletrônicos,Norte,17,1226.25,20846.18,735.75,8338.47,40.0,1226.25
2024-09-01,2024,9,September,Q3,Fone Wireless,Acessórios,Sul,185,257.56,47648.61,154.54,19059.44,40.0,257.56
2024-09-01,2024,9,September,Q3,Fone Wireless,Acessórios,Sudeste,374,254.39,95141.74,152.63,38056.69,40.0,254.39
2024-09-01,2024,9,September,Q3,Fone Wireless,Acessórios,Centro-Oeste,149,262.22,39070.93,157.33,15628.37,40.0,262.22
2024-09-01,2024,9,September,Q3,Fone Wireless,Acessórios,Nordeste,212,256.36,54349.22,153.82,21739.69,40.0,256.36
2024-09-01,2024,9,September,Q3,Fone Wireless,Acessórios,Norte,89,209.22,18620.45,125.53,7448.18,40.0,209.22
2024-09-01,2024,9,September,Q3,Monitor 4K,Eletrônicos,Sul,46,1752.26,80603.77,1051.35,32241.51,40.0,1752.26
2024-09-01,2024,9,September,Q3,Monitor 4K,Eletrônicos,Sudeste,88,1752.04,154179.71,1051.23,61671.88,40.0,1752.04
2024-09-01,2024,9,September,Q3,Monitor 4K,Eletrônicos,Centro-Oeste,32,1810.0,57919.97,1086.0,23167.99,40.0,1810.0
2024-09-01,2024,9,September,Q3,Monitor 4K,Eletrônicos,Nordeste,49,1872.95,91774.74,1123.77,36709.89,40.0,1872.95
2024-09-01,2024,9,September,Q3,Monitor 4K,Eletrônicos,Norte,16,1729.22,27667.59,1037.53,11067.03,40.0,1729.22
2024-09-01,2024,9,September,Q3,Teclado Mecânico,Acessórios,Sul,69,441.92,30492.35,265.15,12196.94,40.0,441.92
2024-09-01,2024,9,September,Q3,Teclado Mecânico,Acessórios,Sudeste,152,433.01,65817.89,259.81,26327.15,40.0,433.01
2024-09-01,2024,9,September,Q3,Teclado Mecânico,Acessórios,Centro-Oeste,62,452.01,28024.52,271.21,11209.81,40.0,452.01
2024-09-01,2024,9,September,Q3,Teclado Mecânico,Acessórios,Nordeste,74,438.61,32457.38,263.17,12982.95,40.0,438.61
2024-09-01,2024,9,September,Q3,Teclado Mecânico,Acessórios,Norte,31,469.57,14556.54,281.74,5822.62,40.0,469.57
2024-10-01,2024,10,October,Q4,Notebook Pro,Eletrônicos,Sul,36,3635.87,130891.21,2181.52,52356.48,40.0,3635.87
2024-10-01,2024,10,October,Q4,Notebook Pro,Eletrônicos,Sudeste,60,3462.66,207759.73,2077.6,83103.89,40.0,3462.66
2024-10-01,2024,10,October,Q4,Notebook Pro,Eletrônicos,Centro-Oeste,19,3566.94,67771.79,2140.16,27108.72,40.0,3566.94
2024-10-01,2024,10,October,Q4,Notebook Pro,Eletrônicos,Nordeste,33,3583.81,118265.87,2150.29,47306.35,40.0,3583.81
2024-10-01,2024,10,October,Q4,Notebook Pro,Eletrônicos,Norte,10,3516.47,35164.66,2109.88,14065.86,40.0,3516.47
2024-10-01,2024,10,October,Q4,Tablet Smart,Eletrônicos,Sul,56,1172.88,65681.2,703.73,26272.48,40.0,1172.88
2024-10-01,2024,10,October,Q4,Tablet Smart,Eletrônicos,Sudeste,165,1004.94,165814.66,602.96,66325.87,40.0,1004.94
2024-10-01,2024,10,October,Q4,Tablet Smart,Eletrônicos,Centro-Oeste,46,1156.94,53219.42,694.17,21287.77,40.0,1156.94
2024-10-01,2024,10,October,Q4,Tablet Smart,Eletrônicos,Nordeste,51,1257.75,64145.3,754.65,25658.12,40.0,1257.75
2024-10-01,2024,10,October,Q4,Tablet Smart,Eletrônicos,Norte,24,1163.04,27913.01,697.83,11165.2,40.0,1163.04
2024-10-01,2024,10,October,Q4,Fone Wireless,Acessórios,Sul,175,260.44,45577.21,156.26,18230.88,40.0,260.44
2024-10-01,2024,10,October,Q4,Fone Wireless,Acessórios,Sudeste,350,253.39,88686.9,152.03,35474.76,40.0,253.39
2024-10-01,2024,10,October,Q4,Fone Wireless,Acessórios,Centro-Oeste,127,252.41,32056.28,151.45,12822.51,40.0,252.41
2024-10-01,2024,10,October,Q4,Fone Wireless,Acessórios,Nordeste,171,243.44,41627.74,146.06,16651.1,40.0,243.44
2024-10-01,2024,10,October,Q4,Fone Wireless,Acessórios,Norte,67,252.52,16919.08,151.51,6767.63,40.0,252.52
2024-10-01,2024,10,October,Q4,Monitor 4K,Eletrônicos,Sul,47,1794.43,84338.08,1076.66,33735.23,40.0,1794.43
2024-10-01,2024,10,October,Q4,Monitor 4K,Eletrônicos,Sudeste,104,1729.78,179896.64,1037.87,71958.65,40.0,1729.78
2024-10-01,2024,10,October,Q4,Monitor 4K,Eletrônicos,Centro-Oeste,32,1720.03,55041.07,1032.02,22016.43,40.0,1720.03
2024-10-01,2024,10,October,Q4,Monitor 4K,Eletrônicos,Nordeste,49,1779.63,87201.64,1067.78,34880.66,40.0,1779.63
2024-10-01,2024,10,October,Q4,Monitor 4K,Eletrônicos,Norte,19,1592.86,30264.27,955.71,12105.71,40.0,1592.86
2024-10-01,2024,10,October,Q4,Teclado Mecânico,Acessórios,Sul,81,433.05,35076.74,259.83,14030.69,40.0,433.05
2024-10-01,2024,10,October,Q4,Teclado Mecânico,Acessórios,Sudeste,186,452.1,84090.69,271.26,33636.28,40.0,452.1
2024-10-01,2024,10,October,Q4,Teclado Mecânico,Acessórios,Centro-Oeste,57,451.56,25738.64,270.93,10295.46,40.0,451.56
2024-10-01,2024,10,October,Q4,Teclado Mecânico,Acessórios,Nordeste,70,444.24,31097.06,266.55,12438.82,40.0,444.24
2024-10-01,2024,10,October,Q4,Teclado Mecânico,Acessórios,Norte,29,470.34,13639.94,282.21,5455.98,40.0,470.34
2024-11-01,2024,11,November,Q4,Notebook Pro,Eletrônicos,Sul,47,3404.44,160008.8,2042.67,64003.52,40.0,3404.44
2024-11-01,2024,11,November,Q4,Notebook Pro,Eletrônicos,Sudeste,86,3473.32,298705.48,2083.99,119482.19,40.0,3473.32
2024-11-01,2024,11,November,Q4,Notebook Pro,Eletrônicos,Centro-Oeste,35,3448.08,120682.71,2068.85,48273.08,40.0,3448.08
2024-11-01,2024,11,November,Q4,Notebook Pro,Eletrônicos,Nordeste,31,3591.76,111344.59,2155.06,44537.84,40.0,3591.76
2024-11-01,2024,11,November,Q4,Notebook Pro,Eletrônicos,Norte,17,3452.14,58686.37,2071.28,23474.55,40.0,3452.14
2024-11-01,2024,11,November,Q4,Tablet Smart,Eletrônicos,Sul,62,1214.79,75316.69,728.87,30126.67,40.0,1214.79
2024-11-01,2024,11,November,Q4,Tablet Smart,Eletrônicos,Sudeste,123,1146.15,140976.65,687.69,56390.66,40.0,1146.15
2024-11-01,2024,11,November,Q4,Tablet Smart,Eletrônicos,Centro-Oeste,52,1194.04,62090.19,716.43,24836.07,40.0,1194.04
2024-11-01,2024,11,November,Q4,Tablet Smart,Eletrônicos,Nordeste,48,1229.92,59036.37,737.95,23614.55,40.0,1229.92
2024-11-01,2024,11,November,Q4,Tablet Smart,Eletrônicos,Norte,22,1175.03,25850.65,705.02,10340.26,40.0,1175.03
2024-11-01,2024,11,November,Q4,Fone Wireless,Acessórios,Sul,180,259.95,46790.8,155.97,18716.32,40.0,259.95
2024-11-01,2024,11,November,Q4,Fone Wireless,Acessórios,Sudeste,302,243.8,73628.91,146.28,29451.56,40.0,243.8
2024-11-01,2024,11,November,Q4,Fone Wireless,Acessórios,Centro-Oeste,153,258.48,39547.06,155.09,15818.82,40.0,258.48
2024-11-01,2024,11,November,Q4,Fone Wireless,Acessórios,Nordeste,151,255.7,38611.14,153.42,15444.46,40.0,255.7
2024-11-01,2024,11,November,Q4,Fone Wireless,Acessórios,Norte,56,253.71,14207.85,152.23,5683.14,40.0,253.71
2024-11-01,2024,11,November,Q4,Monitor 4K,Eletrônicos,Sul,56,1731.49,96963.36,1038.89,38785.34,40.0,1731.49
2024-11-01,2024,11,November,Q4,Monitor 4K,Eletrônicos,Sudeste,87,1795.22,156184.0,1077.13,62473.6,40.0,1795.22
2024-11-01,2024,11,November,Q4,Monitor 4K,Eletrônicos,Centro-Oeste,42,1866.54,78394.55,1119.92,31357.82,40.0,1866.54
2024-11-01,2024,11,November,Q4,Monitor 4K,Eletrônicos,Nordeste,45,1787.46,80435.81,1072.48,32174.32,40.0,1787.46
2024-11-01,2024,11,November,Q4,Monitor 4K,Eletrônicos,Norte,17,1806.36,30708.16,1083.82,12283.27,40.0,1806.36
2024-11-01,2024,11,November,Q4,Teclado Mecânico,Acessórios,Sul,111,466.11,51737.88,279.66,20695.15,40.0,466.11
2024-11-01,2024,11,November,Q4,Teclado Mecânico,Acessórios,Sudeste,179,470.39,84199.88,282.23,33679.95,40.0,470.39
2024-11-01,2024,11,November,Q4,Teclado Mecânico,Acessórios,Centro-Oeste,73,429.88,31381.04,257.93,12552.41,40.0,429.88
2024-11-01,2024,11,November,Q4,Teclado Mecânico,Acessórios,Nordeste,95,441.12,41906.86,264.67,16762.75,40.0,441.12
2024-11-01,2024,11,November,Q4,Teclado Mecânico,Acessórios,Norte,33,444.59,14671.41,266.75,5868.56,40.0,444.59
2024-12-01,2024,12,December,Q4,Notebook Pro,Eletrônicos,Sul,53,3579.67,189722.56,2147.8,75889.02,40.0,3579.67
2024-12-01,2024,12,December,Q4,Notebook Pro,Eletrônicos,Sudeste,89,3558.34,316692.26,2135.0,126676.9,40.0,3558.34
2024-12-01,2024,12,December,Q4,Notebook Pro,Eletrônicos,Centro-Oeste,37,3496.43,129367.73,2097.86,51747.09,40.0,3496.43
2024-12-01,2024,12,December,Q4,Notebook Pro,Eletrônicos,Nordeste,36,3606.81,129845.2,2164.09,51938.08,40.0,3606.81
2024-12-01,2024,12,December,Q4,Notebook Pro,Eletrônicos,Norte,15,3477.69,52165.29,2086.61,20866.12,40.0,3477.69
2024-12-01,2024,12,December,Q4,Tablet Smart,Eletrônicos,Sul,63,1181.64,74443.34,708.98,29777.34,40.0,1181.64
2024-12-01,2024,12,December,Q4,Tablet Smart,Eletrônicos,Sudeste,108,1200.28,129630.74,720.17,51852.3,40.0,1200.28
2024-12-01,2024,12,December,Q4,Tablet Smart,Eletrônicos,Centro-Oeste,46,1180.36,54296.51,708.22,21718.6,40.0,1180.36
2024-12-01,2024,12,December,Q4,Tablet Smart,Eletrônicos,Nordeste,50,1206.34,60316.89,723.8,24126.76,40.0,1206.34
2024-12-01,2024,12,December,Q4,Tablet Smart,Eletrônicos,Norte,26,1168.39,30378.22,701.04,12151.29,40.0,1168.39
2024-12-01,2024,12,December,Q4,Fone Wireless,Acessórios,Sul,205,239.37,49071.34,143.62,19628.54,40.0,239.37
2024-12-01,2024,12,December,Q4,Fone Wireless,Acessórios,Sudeste,385,250.12,96297.27,150.07,38518.91,40.0,250.12
2024-12-01,2024,12,December,Q4,Fone Wireless,Acessórios,Centro-Oeste,134,251.92,33757.31,151.15,13502.92,40.0,251.92
2024-12-01,2024,12,December,Q4,Fone Wireless,Acessórios,Nordeste,191,244.06,46615.5,146.44,18646.2,40.0,244.06
2024-12-01,2024,12,December,Q4,Fone Wireless,Acessórios,Norte,64,248.73,15918.53,149.24,6367.41,40.0,248.73
2024-12-01,2024,12,December,Q4,Monitor 4K,Eletrônicos,Sul,45,1729.19,77813.65,1037.52,31125.46,40.0,1729.19
2024-12-01,2024,12,December,Q4,Monitor 4K,Eletrônicos,Sudeste,87,1847.99,160774.89,1108.79,64309.96,40.0,1847.99
2024-12-01,2024,12,December,Q4,Monitor 4K,Eletrônicos,Centro-Oeste,41,1836.16,75282.39,1101.69,30112.96,40.0,1836.16
2024-12-01,2024,12,December,Q4,Monitor 4K,Eletrônicos,Nordeste,51,1792.02,91392.86,1075.21,36557.15,40.0,1792.02
2024-12-01,2024,12,December,Q4,Monitor 4K,Eletrônicos,Norte,15,1876.44,28146.53,1125.86,11258.61,40.0,1876.44
2024-12-01,2024,12,December,Q4,Teclado Mecânico,Acessórios,Sul,98,468.58,45920.45,281.15,18368.18,40.0,468.58
2024-12-01,2024,12,December,Q4,Teclado Mecânico,Acessórios,Sudeste,208,465.84,96895.17,279.51,38758.07,40.0,465.84
2024-12-01,2024,12,December,Q4,Teclado Mecânico,Acessórios,Centro-Oeste,94,367.18,34515.29,220.31,13806.12,40.0,367.18
2024-12-01,2024,12,December,Q4,Teclado Mecânico,Acessórios,Nordeste,121,431.09,52161.55,258.65,20864.62,40.0,431.09
2024-12-01,2024,12,December,Q4,Teclado Mecânico,Acessórios,Norte,34,453.4,15415.77,272.04,6166.31,40.0,453.4
